Variable,Cross-entropy
p1_approach,1.9758619490305045
p2_head,1.5066718481595904
p1_body,1.9866216237056311
p2_approach,1.5917595679294023
p2_body,1.715629764142249
