Variable,Cross-entropy
p1_approach,1.5916276928022894
p2_head,1.8950062503432772
p1_body,1.7126723745458006
p2_approach,1.9732453520544424
p2_body,1.9844099342178378
dist[t=0:4],1.7353955052259094
dist[t=5:9],1.7224269129679335
p1_gesture[t=0:4],1.8238770474096633
p1_gesture[t=5:9],1.8114934714669415
p2_gesture[t=0:4],2.0048655805786617
p2_gesture[t=5:9],2.0038667921604016
p1_head,1.5065287706341188
