Variable,Cross-entropy
p1_approach,1.9758619490305045
p2_head,1.5066718481595904
p1_body,1.9866216237056311
p2_approach,1.5917595679294023
p2_body,1.715629764142249
dist[t=0:4],1.7378860421223938
dist[t=5:9],1.7254746288231584
p1_gesture[t=0:4],2.007057369512545
p1_gesture[t=5:9],2.0060400263544897
p2_gesture[t=0:4],1.8261242583260127
p2_gesture[t=5:9],1.8139105897357966
p1_head,1.8974846170593198
